Card #,Card Title,Keywords,RFID Serial
1,Crystal Sync,alignment, timing, stability,04:26:9F:5A:06:1F:91
2,Quantum Buddy,connection, loyalty, synchronicity,04:26:A0:5A:06:1F:91
3,Flux Tower,change, transition, breakthrough,04:26:A1:5A:06:1F:91
4,404: Identity Not Found,identity, uncertainty, fluidity,04:26:A2:5A:06:1F:91
5,Neon Tongue,communication, voice, visibility,04:26:A3:5A:06:1F:91
6,Mirror Port,reflection, truth, self-awareness,04:26:A5:5A:06:1F:91
7,Voice Modulator,communication, authenticity, adaptability,04:26:A4:5A:06:1F:91
8,Pride Transmitter,community, visibility, self-acceptance,04:26:A6:5A:06:1F:91
9,Silent Channel,stillness, listening, intuition,04:26:A7:5A:06:1F:91
10,Signal Jammer,interference, boundaries, detox,04:26:A8:5A:06:1F:91
11,Love Pirate,passion, risk, romance,04:26:A9:5A:06:1F:91
12,Sync or Swim,synchronization, teamwork, timing,04:26:AA:5A:06:1F:91
13,Data Leak,revelation, honesty, exposure,04:26:AB:5A:06:1F:91
14,Queer Ping,outreach, connection, hope,04:26:AC:5A:06:1F:91
15,The Signal Beyond,destiny, guidance, synchronicity,04:26:AD:5A:06:1F:91
16,Haptic Bloom,sensory awakening, embodiment, presence,04:26:AE:5A:06:1F:91
17,Copper Skin,resilience, integration, boundaries,04:26:AF:5A:06:1F:91
18,Silicon Pulse,rhythm, integration, vitality,04:25:B0:5A:06:1F:91
19,Voltage Drop,rest, recovery, limits,04:26:B1:5A:06:1F:91
20,Body Buffer,boundaries, self-care, protection,04:26:B2:5A:06:1F:91
21,Soft Shell Protocol,gentle resilience, healing rituals, flexible boundaries,04:26:B3:5A:06:1F:91
22,Neurodivergent Loop,neurodiversity, patterns, acceptance,04:26:B4:5A:06:1F:91
23,Biotech Braid,integration, synergy, unity,04:26:B5:5A:06:1F:91
24,Chromatic Surge,release, authenticity, self-expression,04:26:B6:5A:06:1F:91
25,Queer Firmware,authentic identity, liberation, self-authorship,04:26:B7:5A:06:1F:91
26,Femme Armor,empowered femininity, authentic expression, confidence,04:26:B8:5A:06:1F:91
27,Transistor Dance,transition, fluidity, harmony,04:26:B9:5A:06:1F:91
28,Overheat Warning,burnout prevention, balance, moderation,04:26:BA:5A:06:1F:91
29,Elastic Avatar,adaptability, fluid identity, resilience,04:26:BB:5A:06:1F:91
30,Power Cord Cut,release, boundaries, independence,04:26:BC:5A:06:1F:91
31,Obsidian Drive,memory, grief, resilience,04:26:BD:5A:06:1F:91
32,Dream Cache,intuition, ancestry, wisdom,04:26:BE:5A:06:1F:91
33,Riot.exe,rebellion, courage, activism,04:26:BF:5A:06:1F:91
34,Zine Cluster,creativity, storytelling, authenticity,04:26:C0:5A:06:1F:91
35,Velvet Drag File,self-expression, transformation, performance,04:26:C1:5A:06:1F:91
36,Hard Reset,renewal, reclamation, truth,04:26:C2:5A:06:1F:91
37,Queer.zip,identity, wholeness, complexity,04:26:C3:5A:06:1F:91
38,Public Access Terminal,community, wisdom, shared history,04:26:C4:5A:06:1F:91
39,Redacted Log,truth, silence, revelation,04:26:C5:5A:06:1F:91
40,Deadname Ghost,identity, release, forgiveness,04:26:C6:5A:06:1F:91
41,Ancestral Playlist,music, memory, heritage,04:26:C7:5A:06:1F:91
42,Pride Flag Fragment,identity, growth, pride,04:26:C8:5A:06:1F:91
43,404 Club,remembrance, grief, memorial,04:26:C9:5A:06:1F:91
44,EchoGem,memory, patterns, ancestral wisdom,04:26:83:5A:06:1F:91
45,Open Source Kin,community, kinship, solidarity,04:26:82:5A:06:1F:91
46,The Glitch Witch,rebellion, transmutation, authenticity,04:26:81:5A:06:1F:91
47,Cracked Lens,perspective shift, paradox, deconstruction,04:26:80:5A:06:1F:91
48,Corrupted Blessing,duality, acceptance, lesson,04:26:7E:5A:06:1F:91
49,Jitter Loop,patterns, anxiety, awareness,04:26:7D:5A:06:1F:91
50,Drag Signal,visibility, pride, self-expression,04:26:7C:5A:06:1F:91
51,Error Message: Love,heartbreak, healing, beliefs,04:26:7B:5A:06:1F:91
52,Bug Report,honesty, diagnosis, accountability,04:26:7A:5A:06:1F:91
53,Patch Note,integration, healing, evolution,04:26:9E:5A:06:1F:91
54,Ctrl+Z,regret, forgiveness, acceptance,04:26:9D:5A:06:1F:91
55,Overclocked,burnout, balance, limits,04:26:79:5A:06:1F:91
56,Signal Spoof,discernment, illusion, strategy,04:26:78:5A:06:1F:91
57,Broken Synth,vulnerability, creativity, authenticity,04:26:77:5A:06:1F:91
58,Dark Mode,rest, introspection, shadow work,04:26:76:5A:06:1F:91
59,Zero-Day Flare,revelation, disruption, awakening,04:26:75:5A:06:1F:91
60,Queer Chaos Engine,authenticity, creation, rebellion,04:26:74:5A:06:1F:91
61,Dream Loader,dreams, intuition, blueprints,04:26:73:5A:06:1F:91
62,Moonbeam Modem,intuition, silence, downloads,04:26:72:5A:06:1F:91
63,Sugar Capacitor,joy, kindness, resilience,04:26:71:5A:06:1F:91
64,Soft Update,healing, patience, evolution,04:26:70:5A:06:1F:91
65,Neon Prophet,revelation, signs, truth,04:26:6E:5A:06:1F:91
66,Starlink Locket,connection, hope, destiny,04:26:6D:5A:06:1F:91
67,Hologram Garden,imagination, inner world, solace,04:26:6C:5A:06:1F:91
68,Glitter Code,synchronicity, pattern, meaning,04:26:6B:5A:06:1F:91
69,Vaporwave Oracle,nostalgia, reflection, comfort,04:26:6A:5A:06:1F:91
70,Pixel Portal,curiosity, opportunity, threshold,04:26:6F:5A:06:1F:91
71,Wishing.exe,intention, manifestation, clarity,04:26:69:5A:06:1F:91
72,Crush Protocol,love, vulnerability, patterns,04:26:68:5A:06:1F:91
73,Patchwork Prism,wholeness, integration, healing,04:26:67:5A:06:1F:91
74,Signal to Self,inner voice, self-trust, clarity,04:26:66:5A:06:1F:91
75,Utopia Buffer,ideals, hope, progress,04:26:65:5A:06:1F:91
